V4_0,calendar-years,time,admin-geography,geography,week-number,week,recorded-deaths,deaths
12254,2020,2020,K04000001,England and Wales,week-1,Week 01 ending 03-Jan-20,total-registered-deaths,Total registered deaths
14058,2020,2020,K04000001,England and Wales,week-2,Week 02 ending 10-Jan-20,total-registered-deaths,Total registered deaths
12990,2020,2020,K04000001,England and Wales,week-3,Week 03 ending 17-Jan-20,total-registered-deaths,Total registered deaths
11856,2020,2020,K04000001,England and Wales,week-4,Week 04 ending 24-Jan-20,total-registered-deaths,Total registered deaths
11612,2020,2020,K04000001,England and Wales,week-5,Week 05 ending 31-Jan-20,total-registered-deaths,Total registered deaths
10986,2020,2020,K04000001,England and Wales,week-6,Week 06 ending 07-Feb-20,total-registered-deaths,Total registered deaths
10944,2020,2020,K04000001,England and Wales,week-7,Week 07 ending 14-Feb-20,total-registered-deaths,Total registered deaths
10841,2020,2020,K04000001,England and Wales,week-8,Week 08 ending 21-Feb-20,total-registered-deaths,Total registered deaths
10816,2020,2020,K04000001,England and Wales,week-9,Week 09 ending 28-Feb-20,total-registered-deaths,Total registered deaths
10895,2020,2020,K04000001,England and Wales,week-10,Week 10 ending 06-Mar-20,total-registered-deaths,Total registered deaths
11019,2020,2020,K04000001,England and Wales,week-11,Week 11 ending 13-Mar-20,total-registered-deaths,Total registered deaths
10645,2020,2020,K04000001,England and Wales,week-12,Week 12 ending 20-Mar-20,total-registered-deaths,Total registered deaths
11141,2020,2020,K04000001,England and Wales,week-13,Week 13 ending 27-Mar-20,total-registered-deaths,Total registered deaths
16387,2020,2020,K04000001,England and Wales,week-14,Week 14 ending 03-Apr-20,total-registered-deaths,Total registered deaths
18516,2020,2020,K04000001,England and Wales,week-15,Week 15 ending 10-Apr-20,total-registered-deaths,Total registered deaths
22351,2020,2020,K04000001,England and Wales,week-16,Week 16 ending 17-Apr-20,total-registered-deaths,Total registered deaths
21997,2020,2020,K04000001,England and Wales,week-17,Week 17 ending 24-Apr-20,total-registered-deaths,Total registered deaths
17953,2020,2020,K04000001,England and Wales,week-18,Week 18 ending 01-May-20,total-registered-deaths,Total registered deaths
12657,2020,2020,K04000001,England and Wales,week-19,Week 19 ending 08-May-20,total-registered-deaths,Total registered deaths
673,2020,2020,E12000001,North East,week-1,Week 01 ending 03-Jan-20,total-registered-deaths,Total registered deaths
707,2020,2020,E12000001,North East,week-2,Week 02 ending 10-Jan-20,total-registered-deaths,Total registered deaths
647,2020,2020,E12000001,North East,week-3,Week 03 ending 17-Jan-20,total-registered-deaths,Total registered deaths
612,2020,2020,E12000001,North East,week-4,Week 04 ending 24-Jan-20,total-registered-deaths,Total registered deaths
561,2020,2020,E12000001,North East,week-5,Week 05 ending 31-Jan-20,total-registered-deaths,Total registered deaths
564,2020,2020,E12000001,North East,week-6,Week 06 ending 07-Feb-20,total-registered-deaths,Total registered deaths
573,2020,2020,E12000001,North East,week-7,Week 07 ending 14-Feb-20,total-registered-deaths,Total registered deaths
539,2020,2020,E12000001,North East,week-8,Week 08 ending 21-Feb-20,total-registered-deaths,Total registered deaths
572,2020,2020,E12000001,North East,week-9,Week 09 ending 28-Feb-20,total-registered-deaths,Total registered deaths
568,2020,2020,E12000001,North East,week-10,Week 10 ending 06-Mar-20,total-registered-deaths,Total registered deaths
590,2020,2020,E12000001,North East,week-11,Week 11 ending 13-Mar-20,total-registered-deaths,Total registered deaths
522,2020,2020,E12000001,North East,week-12,Week 12 ending 20-Mar-20,total-registered-deaths,Total registered deaths
542,2020,2020,E12000001,North East,week-13,Week 13 ending 27-Mar-20,total-registered-deaths,Total registered deaths
770,2020,2020,E12000001,North East,week-14,Week 14 ending 03-Apr-20,total-registered-deaths,Total registered deaths
849,2020,2020,E12000001,North East,week-15,Week 15 ending 10-Apr-20,total-registered-deaths,Total registered deaths
1155,2020,2020,E12000001,North East,week-16,Week 16 ending 17-Apr-20,total-registered-deaths,Total registered deaths
1103,2020,2020,E12000001,North East,week-17,Week 17 ending 24-Apr-20,total-registered-deaths,Total registered deaths
922,2020,2020,E12000001,North East,week-18,Week 18 ending 01-May-20,total-registered-deaths,Total registered deaths
769,2020,2020,E12000001,North East,week-19,Week 19 ending 08-May-20,total-registered-deaths,Total registered deaths
1806,2020,2020,E12000002,North West,week-1,Week 01 ending 03-Jan-20,total-registered-deaths,Total registered deaths
1932,2020,2020,E12000002,North West,week-2,Week 02 ending 10-Jan-20,total-registered-deaths,Total registered deaths
1696,2020,2020,E12000002,North West,week-3,Week 03 ending 17-Jan-20,total-registered-deaths,Total registered deaths
1529,2020,2020,E12000002,North West,week-4,Week 04 ending 24-Jan-20,total-registered-deaths,Total registered deaths
1461,2020,2020,E12000002,North West,week-5,Week 05 ending 31-Jan-20,total-registered-deaths,Total registered deaths
1529,2020,2020,E12000002,North West,week-6,Week 06 ending 07-Feb-20,total-registered-deaths,Total registered deaths
1427,2020,2020,E12000002,North West,week-7,Week 07 ending 14-Feb-20,total-registered-deaths,Total registered deaths
1477,2020,2020,E12000002,North West,week-8,Week 08 ending 21-Feb-20,total-registered-deaths,Total registered deaths
1476,2020,2020,E12000002,North West,week-9,Week 09 ending 28-Feb-20,total-registered-deaths,Total registered deaths
1490,2020,2020,E12000002,North West,week-10,Week 10 ending 06-Mar-20,total-registered-deaths,Total registered deaths
1472,2020,2020,E12000002,North West,week-11,Week 11 ending 13-Mar-20,total-registered-deaths,Total registered deaths
1443,2020,2020,E12000002,North West,week-12,Week 12 ending 20-Mar-20,total-registered-deaths,Total registered deaths
1538,2020,2020,E12000002,North West,week-13,Week 13 ending 27-Mar-20,total-registered-deaths,Total registered deaths
2137,2020,2020,E12000002,North West,week-14,Week 14 ending 03-Apr-20,total-registered-deaths,Total registered deaths
2597,2020,2020,E12000002,North West,week-15,Week 15 ending 10-Apr-20,total-registered-deaths,Total registered deaths
3195,2020,2020,E12000002,North West,week-16,Week 16 ending 17-Apr-20,total-registered-deaths,Total registered deaths
3109,2020,2020,E12000002,North West,week-17,Week 17 ending 24-Apr-20,total-registered-deaths,Total registered deaths
2503,2020,2020,E12000002,North West,week-18,Week 18 ending 01-May-20,total-registered-deaths,Total registered deaths
1790,2020,2020,E12000002,North West,week-19,Week 19 ending 08-May-20,total-registered-deaths,Total registered deaths
1240,2020,2020,E12000003,Yorkshire and The Humber,week-1,Week 01 ending 03-Jan-20,total-registered-deaths,Total registered deaths
1339,2020,2020,E12000003,Yorkshire and The Humber,week-2,Week 02 ending 10-Jan-20,total-registered-deaths,Total registered deaths
1278,2020,2020,E12000003,Yorkshire and The Humber,week-3,Week 03 ending 17-Jan-20,total-registered-deaths,Total registered deaths
1187,2020,2020,E12000003,Yorkshire and The Humber,week-4,Week 04 ending 24-Jan-20,total-registered-deaths,Total registered deaths
1136,2020,2020,E12000003,Yorkshire and The Humber,week-5,Week 05 ending 31-Jan-20,total-registered-deaths,Total registered deaths
1072,2020,2020,E12000003,Yorkshire and The Humber,week-6,Week 06 ending 07-Feb-20,total-registered-deaths,Total registered deaths
1059,2020,2020,E12000003,Yorkshire and The Humber,week-7,Week 07 ending 14-Feb-20,total-registered-deaths,Total registered deaths
1087,2020,2020,E12000003,Yorkshire and The Humber,week-8,Week 08 ending 21-Feb-20,total-registered-deaths,Total registered deaths
1078,2020,2020,E12000003,Yorkshire and The Humber,week-9,Week 09 ending 28-Feb-20,total-registered-deaths,Total registered deaths
1112,2020,2020,E12000003,Yorkshire and The Humber,week-10,Week 10 ending 06-Mar-20,total-registered-deaths,Total registered deaths
1053,2020,2020,E12000003,Yorkshire and The Humber,week-11,Week 11 ending 13-Mar-20,total-registered-deaths,Total registered deaths
1012,2020,2020,E12000003,Yorkshire and The Humber,week-12,Week 12 ending 20-Mar-20,total-registered-deaths,Total registered deaths
982,2020,2020,E12000003,Yorkshire and The Humber,week-13,Week 13 ending 27-Mar-20,total-registered-deaths,Total registered deaths
1436,2020,2020,E12000003,Yorkshire and The Humber,week-14,Week 14 ending 03-Apr-20,total-registered-deaths,Total registered deaths
1503,2020,2020,E12000003,Yorkshire and The Humber,week-15,Week 15 ending 10-Apr-20,total-registered-deaths,Total registered deaths
1960,2020,2020,E12000003,Yorkshire and The Humber,week-16,Week 16 ending 17-Apr-20,total-registered-deaths,Total registered deaths
2095,2020,2020,E12000003,Yorkshire and The Humber,week-17,Week 17 ending 24-Apr-20,total-registered-deaths,Total registered deaths
1844,2020,2020,E12000003,Yorkshire and The Humber,week-18,Week 18 ending 01-May-20,total-registered-deaths,Total registered deaths
1328,2020,2020,E12000003,Yorkshire and The Humber,week-19,Week 19 ending 08-May-20,total-registered-deaths,Total registered deaths
1060,2020,2020,E12000004,East Midlands,week-1,Week 01 ending 03-Jan-20,total-registered-deaths,Total registered deaths
1195,2020,2020,E12000004,East Midlands,week-2,Week 02 ending 10-Jan-20,total-registered-deaths,Total registered deaths
1106,2020,2020,E12000004,East Midlands,week-3,Week 03 ending 17-Jan-20,total-registered-deaths,Total registered deaths
1024,2020,2020,E12000004,East Midlands,week-4,Week 04 ending 24-Jan-20,total-registered-deaths,Total registered deaths
1015,2020,2020,E12000004,East Midlands,week-5,Week 05 ending 31-Jan-20,total-registered-deaths,Total registered deaths
922,2020,2020,E12000004,East Midlands,week-6,Week 06 ending 07-Feb-20,total-registered-deaths,Total registered deaths
976,2020,2020,E12000004,East Midlands,week-7,Week 07 ending 14-Feb-20,total-registered-deaths,Total registered deaths
924,2020,2020,E12000004,East Midlands,week-8,Week 08 ending 21-Feb-20,total-registered-deaths,Total registered deaths
919,2020,2020,E12000004,East Midlands,week-9,Week 09 ending 28-Feb-20,total-registered-deaths,Total registered deaths
930,2020,2020,E12000004,East Midlands,week-10,Week 10 ending 06-Mar-20,total-registered-deaths,Total registered deaths
915,2020,2020,E12000004,East Midlands,week-11,Week 11 ending 13-Mar-20,total-registered-deaths,Total registered deaths
947,2020,2020,E12000004,East Midlands,week-12,Week 12 ending 20-Mar-20,total-registered-deaths,Total registered deaths
922,2020,2020,E12000004,East Midlands,week-13,Week 13 ending 27-Mar-20,total-registered-deaths,Total registered deaths
1246,2020,2020,E12000004,East Midlands,week-14,Week 14 ending 03-Apr-20,total-registered-deaths,Total registered deaths
1452,2020,2020,E12000004,East Midlands,week-15,Week 15 ending 10-Apr-20,total-registered-deaths,Total registered deaths
1632,2020,2020,E12000004,East Midlands,week-16,Week 16 ending 17-Apr-20,total-registered-deaths,Total registered deaths
1711,2020,2020,E12000004,East Midlands,week-17,Week 17 ending 24-Apr-20,total-registered-deaths,Total registered deaths
1418,2020,2020,E12000004,East Midlands,week-18,Week 18 ending 01-May-20,total-registered-deaths,Total registered deaths
1094,2020,2020,E12000004,East Midlands,week-19,Week 19 ending 08-May-20,total-registered-deaths,Total registered deaths
1349,2020,2020,E12000005,West Midlands,week-1,Week 01 ending 03-Jan-20,total-registered-deaths,Total registered deaths
1450,2020,2020,E12000005,West Midlands,week-2,Week 02 ending 10-Jan-20,total-registered-deaths,Total registered deaths
1407,2020,2020,E12000005,West Midlands,week-3,Week 03 ending 17-Jan-20,total-registered-deaths,Total registered deaths
1231,2020,2020,E12000005,West Midlands,week-4,Week 04 ending 24-Jan-20,total-registered-deaths,Total registered deaths
1262,2020,2020,E12000005,West Midlands,week-5,Week 05 ending 31-Jan-20,total-registered-deaths,Total registered deaths
1052,2020,2020,E12000005,West Midlands,week-6,Week 06 ending 07-Feb-20,total-registered-deaths,Total registered deaths
1159,2020,2020,E12000005,West Midlands,week-7,Week 07 ending 14-Feb-20,total-registered-deaths,Total registered deaths
1116,2020,2020,E12000005,West Midlands,week-8,Week 08 ending 21-Feb-20,total-registered-deaths,Total registered deaths
1174,2020,2020,E12000005,West Midlands,week-9,Week 09 ending 28-Feb-20,total-registered-deaths,Total registered deaths
1098,2020,2020,E12000005,West Midlands,week-10,Week 10 ending 06-Mar-20,total-registered-deaths,Total registered deaths
1187,2020,2020,E12000005,West Midlands,week-11,Week 11 ending 13-Mar-20,total-registered-deaths,Total registered deaths
1115,2020,2020,E12000005,West Midlands,week-12,Week 12 ending 20-Mar-20,total-registered-deaths,Total registered deaths
1035,2020,2020,E12000005,West Midlands,week-13,Week 13 ending 27-Mar-20,total-registered-deaths,Total registered deaths
1812,2020,2020,E12000005,West Midlands,week-14,Week 14 ending 03-Apr-20,total-registered-deaths,Total registered deaths
2182,2020,2020,E12000005,West Midlands,week-15,Week 15 ending 10-Apr-20,total-registered-deaths,Total registered deaths
2536,2020,2020,E12000005,West Midlands,week-16,Week 16 ending 17-Apr-20,total-registered-deaths,Total registered deaths
2481,2020,2020,E12000005,West Midlands,week-17,Week 17 ending 24-Apr-20,total-registered-deaths,Total registered deaths
1975,2020,2020,E12000005,West Midlands,week-18,Week 18 ending 01-May-20,total-registered-deaths,Total registered deaths
1326,2020,2020,E12000005,West Midlands,week-19,Week 19 ending 08-May-20,total-registered-deaths,Total registered deaths
1162,2020,2020,E12000006,East of England,week-1,Week 01 ending 03-Jan-20,total-registered-deaths,Total registered deaths
1573,2020,2020,E12000006,East of England,week-2,Week 02 ending 10-Jan-20,total-registered-deaths,Total registered deaths
1457,2020,2020,E12000006,East of England,week-3,Week 03 ending 17-Jan-20,total-registered-deaths,Total registered deaths
1410,2020,2020,E12000006,East of England,week-4,Week 04 ending 24-Jan-20,total-registered-deaths,Total registered deaths
1286,2020,2020,E12000006,East of England,week-5,Week 05 ending 31-Jan-20,total-registered-deaths,Total registered deaths
1259,2020,2020,E12000006,East of England,week-6,Week 06 ending 07-Feb-20,total-registered-deaths,Total registered deaths
1172,2020,2020,E12000006,East of England,week-7,Week 07 ending 14-Feb-20,total-registered-deaths,Total registered deaths
1167,2020,2020,E12000006,East of England,week-8,Week 08 ending 21-Feb-20,total-registered-deaths,Total registered deaths
1115,2020,2020,E12000006,East of England,week-9,Week 09 ending 28-Feb-20,total-registered-deaths,Total registered deaths
1149,2020,2020,E12000006,East of England,week-10,Week 10 ending 06-Mar-20,total-registered-deaths,Total registered deaths
1211,2020,2020,E12000006,East of England,week-11,Week 11 ending 13-Mar-20,total-registered-deaths,Total registered deaths
1043,2020,2020,E12000006,East of England,week-12,Week 12 ending 20-Mar-20,total-registered-deaths,Total registered deaths
1182,2020,2020,E12000006,East of England,week-13,Week 13 ending 27-Mar-20,total-registered-deaths,Total registered deaths
1717,2020,2020,E12000006,East of England,week-14,Week 14 ending 03-Apr-20,total-registered-deaths,Total registered deaths
1984,2020,2020,E12000006,East of England,week-15,Week 15 ending 10-Apr-20,total-registered-deaths,Total registered deaths
2466,2020,2020,E12000006,East of England,week-16,Week 16 ending 17-Apr-20,total-registered-deaths,Total registered deaths
2299,2020,2020,E12000006,East of England,week-17,Week 17 ending 24-Apr-20,total-registered-deaths,Total registered deaths
1982,2020,2020,E12000006,East of England,week-18,Week 18 ending 01-May-20,total-registered-deaths,Total registered deaths
1321,2020,2020,E12000006,East of England,week-19,Week 19 ending 08-May-20,total-registered-deaths,Total registered deaths
1113,2020,2020,E12000007,London,week-1,Week 01 ending 03-Jan-20,total-registered-deaths,Total registered deaths
1272,2020,2020,E12000007,London,week-2,Week 02 ending 10-Jan-20,total-registered-deaths,Total registered deaths
1073,2020,2020,E12000007,London,week-3,Week 03 ending 17-Jan-20,total-registered-deaths,Total registered deaths
1028,2020,2020,E12000007,London,week-4,Week 04 ending 24-Jan-20,total-registered-deaths,Total registered deaths
1092,2020,2020,E12000007,London,week-5,Week 05 ending 31-Jan-20,total-registered-deaths,Total registered deaths
987,2020,2020,E12000007,London,week-6,Week 06 ending 07-Feb-20,total-registered-deaths,Total registered deaths
967,2020,2020,E12000007,London,week-7,Week 07 ending 14-Feb-20,total-registered-deaths,Total registered deaths
1032,2020,2020,E12000007,London,week-8,Week 08 ending 21-Feb-20,total-registered-deaths,Total registered deaths
1085,2020,2020,E12000007,London,week-9,Week 09 ending 28-Feb-20,total-registered-deaths,Total registered deaths
982,2020,2020,E12000007,London,week-10,Week 10 ending 06-Mar-20,total-registered-deaths,Total registered deaths
964,2020,2020,E12000007,London,week-11,Week 11 ending 13-Mar-20,total-registered-deaths,Total registered deaths
1008,2020,2020,E12000007,London,week-12,Week 12 ending 20-Mar-20,total-registered-deaths,Total registered deaths
1297,2020,2020,E12000007,London,week-13,Week 13 ending 27-Mar-20,total-registered-deaths,Total registered deaths
2511,2020,2020,E12000007,London,week-14,Week 14 ending 03-Apr-20,total-registered-deaths,Total registered deaths
2832,2020,2020,E12000007,London,week-15,Week 15 ending 10-Apr-20,total-registered-deaths,Total registered deaths
3275,2020,2020,E12000007,London,week-16,Week 16 ending 17-Apr-20,total-registered-deaths,Total registered deaths
2785,2020,2020,E12000007,London,week-17,Week 17 ending 24-Apr-20,total-registered-deaths,Total registered deaths
1953,2020,2020,E12000007,London,week-18,Week 18 ending 01-May-20,total-registered-deaths,Total registered deaths
1213,2020,2020,E12000007,London,week-19,Week 19 ending 08-May-20,total-registered-deaths,Total registered deaths
1814,2020,2020,E12000008,South East,week-1,Week 01 ending 03-Jan-20,total-registered-deaths,Total registered deaths
2132,2020,2020,E12000008,South East,week-2,Week 02 ending 10-Jan-20,total-registered-deaths,Total registered deaths
2064,2020,2020,E12000008,South East,week-3,Week 03 ending 17-Jan-20,total-registered-deaths,Total registered deaths
1833,2020,2020,E12000008,South East,week-4,Week 04 ending 24-Jan-20,total-registered-deaths,Total registered deaths
1820,2020,2020,E12000008,South East,week-5,Week 05 ending 31-Jan-20,total-registered-deaths,Total registered deaths
1729,2020,2020,E12000008,South East,week-6,Week 06 ending 07-Feb-20,total-registered-deaths,Total registered deaths
1688,2020,2020,E12000008,South East,week-7,Week 07 ending 14-Feb-20,total-registered-deaths,Total registered deaths
1675,2020,2020,E12000008,South East,week-8,Week 08 ending 21-Feb-20,total-registered-deaths,Total registered deaths
1587,2020,2020,E12000008,South East,week-9,Week 09 ending 28-Feb-20,total-registered-deaths,Total registered deaths
1726,2020,2020,E12000008,South East,week-10,Week 10 ending 06-Mar-20,total-registered-deaths,Total registered deaths
1751,2020,2020,E12000008,South East,week-11,Week 11 ending 13-Mar-20,total-registered-deaths,Total registered deaths
1657,2020,2020,E12000008,South East,week-12,Week 12 ending 20-Mar-20,total-registered-deaths,Total registered deaths
1822,2020,2020,E12000008,South East,week-13,Week 13 ending 27-Mar-20,total-registered-deaths,Total registered deaths
2294,2020,2020,E12000008,South East,week-14,Week 14 ending 03-Apr-20,total-registered-deaths,Total registered deaths
2604,2020,2020,E12000008,South East,week-15,Week 15 ending 10-Apr-20,total-registered-deaths,Total registered deaths
3084,2020,2020,E12000008,South East,week-16,Week 16 ending 17-Apr-20,total-registered-deaths,Total registered deaths
3334,2020,2020,E12000008,South East,week-17,Week 17 ending 24-Apr-20,total-registered-deaths,Total registered deaths
2853,2020,2020,E12000008,South East,week-18,Week 18 ending 01-May-20,total-registered-deaths,Total registered deaths
1887,2020,2020,E12000008,South East,week-19,Week 19 ending 08-May-20,total-registered-deaths,Total registered deaths
1225,2020,2020,E12000009,South West,week-1,Week 01 ending 03-Jan-20,total-registered-deaths,Total registered deaths
1487,2020,2020,E12000009,South West,week-2,Week 02 ending 10-Jan-20,total-registered-deaths,Total registered deaths
1466,2020,2020,E12000009,South West,week-3,Week 03 ending 17-Jan-20,total-registered-deaths,Total registered deaths
1253,2020,2020,E12000009,South West,week-4,Week 04 ending 24-Jan-20,total-registered-deaths,Total registered deaths
1233,2020,2020,E12000009,South West,week-5,Week 05 ending 31-Jan-20,total-registered-deaths,Total registered deaths
1157,2020,2020,E12000009,South West,week-6,Week 06 ending 07-Feb-20,total-registered-deaths,Total registered deaths
1169,2020,2020,E12000009,South West,week-7,Week 07 ending 14-Feb-20,total-registered-deaths,Total registered deaths
1118,2020,2020,E12000009,South West,week-8,Week 08 ending 21-Feb-20,total-registered-deaths,Total registered deaths
1133,2020,2020,E12000009,South West,week-9,Week 09 ending 28-Feb-20,total-registered-deaths,Total registered deaths
1170,2020,2020,E12000009,South West,week-10,Week 10 ending 06-Mar-20,total-registered-deaths,Total registered deaths
1174,2020,2020,E12000009,South West,week-11,Week 11 ending 13-Mar-20,total-registered-deaths,Total registered deaths
1156,2020,2020,E12000009,South West,week-12,Week 12 ending 20-Mar-20,total-registered-deaths,Total registered deaths
1092,2020,2020,E12000009,South West,week-13,Week 13 ending 27-Mar-20,total-registered-deaths,Total registered deaths
1520,2020,2020,E12000009,South West,week-14,Week 14 ending 03-Apr-20,total-registered-deaths,Total registered deaths
1560,2020,2020,E12000009,South West,week-15,Week 15 ending 10-Apr-20,total-registered-deaths,Total registered deaths
1854,2020,2020,E12000009,South West,week-16,Week 16 ending 17-Apr-20,total-registered-deaths,Total registered deaths
1924,2020,2020,E12000009,South West,week-17,Week 17 ending 24-Apr-20,total-registered-deaths,Total registered deaths
1554,2020,2020,E12000009,South West,week-18,Week 18 ending 01-May-20,total-registered-deaths,Total registered deaths
1218,2020,2020,E12000009,South West,week-19,Week 19 ending 08-May-20,total-registered-deaths,Total registered deaths
787,2020,2020,W92000004,Wales,week-1,Week 01 ending 03-Jan-20,total-registered-deaths,Total registered deaths
939,2020,2020,W92000004,Wales,week-2,Week 02 ending 10-Jan-20,total-registered-deaths,Total registered deaths
767,2020,2020,W92000004,Wales,week-3,Week 03 ending 17-Jan-20,total-registered-deaths,Total registered deaths
723,2020,2020,W92000004,Wales,week-4,Week 04 ending 24-Jan-20,total-registered-deaths,Total registered deaths
727,2020,2020,W92000004,Wales,week-5,Week 05 ending 31-Jan-20,total-registered-deaths,Total registered deaths
690,2020,2020,W92000004,Wales,week-6,Week 06 ending 07-Feb-20,total-registered-deaths,Total registered deaths
728,2020,2020,W92000004,Wales,week-7,Week 07 ending 14-Feb-20,total-registered-deaths,Total registered deaths
679,2020,2020,W92000004,Wales,week-8,Week 08 ending 21-Feb-20,total-registered-deaths,Total registered deaths
651,2020,2020,W92000004,Wales,week-9,Week 09 ending 28-Feb-20,total-registered-deaths,Total registered deaths
652,2020,2020,W92000004,Wales,week-10,Week 10 ending 06-Mar-20,total-registered-deaths,Total registered deaths
675,2020,2020,W92000004,Wales,week-11,Week 11 ending 13-Mar-20,total-registered-deaths,Total registered deaths
719,2020,2020,W92000004,Wales,week-12,Week 12 ending 20-Mar-20,total-registered-deaths,Total registered deaths
719,2020,2020,W92000004,Wales,week-13,Week 13 ending 27-Mar-20,total-registered-deaths,Total registered deaths
920,2020,2020,W92000004,Wales,week-14,Week 14 ending 03-Apr-20,total-registered-deaths,Total registered deaths
928,2020,2020,W92000004,Wales,week-15,Week 15 ending 10-Apr-20,total-registered-deaths,Total registered deaths
1169,2020,2020,W92000004,Wales,week-16,Week 16 ending 17-Apr-20,total-registered-deaths,Total registered deaths
1124,2020,2020,W92000004,Wales,week-17,Week 17 ending 24-Apr-20,total-registered-deaths,Total registered deaths
929,2020,2020,W92000004,Wales,week-18,Week 18 ending 01-May-20,total-registered-deaths,Total registered deaths
692,2020,2020,W92000004,Wales,week-19,Week 19 ending 08-May-20,total-registered-deaths,Total registered deaths
0,2020,2020,K04000001,England and Wales,week-1,Week 01 ending 03-Jan-20,deaths-involving-covid-19-registrations,Deaths involving COVID-19: registrations
0,2020,2020,K04000001,England and Wales,week-2,Week 02 ending 10-Jan-20,deaths-involving-covid-19-registrations,Deaths involving COVID-19: registrations
0,2020,2020,K04000001,England and Wales,week-3,Week 03 ending 17-Jan-20,deaths-involving-covid-19-registrations,Deaths involving COVID-19: registrations
0,2020,2020,K04000001,England and Wales,week-4,Week 04 ending 24-Jan-20,deaths-involving-covid-19-registrations,Deaths involving COVID-19: registrations
0,2020,2020,K04000001,England and Wales,week-5,Week 05 ending 31-Jan-20,deaths-involving-covid-19-registrations,Deaths involving COVID-19: registrations
0,2020,2020,K04000001,England and Wales,week-6,Week 06 ending 07-Feb-20,deaths-involving-covid-19-registrations,Deaths involving COVID-19: registrations
0,2020,2020,K04000001,England and Wales,week-7,Week 07 ending 14-Feb-20,deaths-involving-covid-19-registrations,Deaths involving COVID-19: registrations
0,2020,2020,K04000001,England and Wales,week-8,Week 08 ending 21-Feb-20,deaths-involving-covid-19-registrations,Deaths involving COVID-19: registrations
0,2020,2020,K04000001,England and Wales,week-9,Week 09 ending 28-Feb-20,deaths-involving-covid-19-registrations,Deaths involving COVID-19: registrations
0,2020,2020,K04000001,England and Wales,week-10,Week 10 ending 06-Mar-20,deaths-involving-covid-19-registrations,Deaths involving COVID-19: registrations
5,2020,2020,K04000001,England and Wales,week-11,Week 11 ending 13-Mar-20,deaths-involving-covid-19-registrations,Deaths involving COVID-19: registrations
103,2020,2020,K04000001,England and Wales,week-12,Week 12 ending 20-Mar-20,deaths-involving-covid-19-registrations,Deaths involving COVID-19: registrations
539,2020,2020,K04000001,England and Wales,week-13,Week 13 ending 27-Mar-20,deaths-involving-covid-19-registrations,Deaths involving COVID-19: registrations
3475,2020,2020,K04000001,England and Wales,week-14,Week 14 ending 03-Apr-20,deaths-involving-covid-19-registrations,Deaths involving COVID-19: registrations
6213,2020,2020,K04000001,England and Wales,week-15,Week 15 ending 10-Apr-20,deaths-involving-covid-19-registrations,Deaths involving COVID-19: registrations
8758,2020,2020,K04000001,England and Wales,week-16,Week 16 ending 17-Apr-20,deaths-involving-covid-19-registrations,Deaths involving COVID-19: registrations
8237,2020,2020,K04000001,England and Wales,week-17,Week 17 ending 24-Apr-20,deaths-involving-covid-19-registrations,Deaths involving COVID-19: registrations
6035,2020,2020,K04000001,England and Wales,week-18,Week 18 ending 01-May-20,deaths-involving-covid-19-registrations,Deaths involving COVID-19: registrations
3930,2020,2020,K04000001,England and Wales,week-19,Week 19 ending 08-May-20,deaths-involving-covid-19-registrations,Deaths involving COVID-19: registrations
0,2020,2020,E12000001,North East,week-1,Week 01 ending 03-Jan-20,deaths-involving-covid-19-registrations,Deaths involving COVID-19: registrations
0,2020,2020,E12000001,North East,week-2,Week 02 ending 10-Jan-20,deaths-involving-covid-19-registrations,Deaths involving COVID-19: registrations
0,2020,2020,E12000001,North East,week-3,Week 03 ending 17-Jan-20,deaths-involving-covid-19-registrations,Deaths involving COVID-19: registrations
0,2020,2020,E12000001,North East,week-4,Week 04 ending 24-Jan-20,deaths-involving-covid-19-registrations,Deaths involving COVID-19: registrations
0,2020,2020,E12000001,North East,week-5,Week 05 ending 31-Jan-20,deaths-involving-covid-19-registrations,Deaths involving COVID-19: registrations
0,2020,2020,E12000001,North East,week-6,Week 06 ending 07-Feb-20,deaths-involving-covid-19-registrations,Deaths involving COVID-19: registrations
0,2020,2020,E12000001,North East,week-7,Week 07 ending 14-Feb-20,deaths-involving-covid-19-registrations,Deaths involving COVID-19: registrations
0,2020,2020,E12000001,North East,week-8,Week 08 ending 21-Feb-20,deaths-involving-covid-19-registrations,Deaths involving COVID-19: registrations
0,2020,2020,E12000001,North East,week-9,Week 09 ending 28-Feb-20,deaths-involving-covid-19-registrations,Deaths involving COVID-19: registrations
0,2020,2020,E12000001,North East,week-10,Week 10 ending 06-Mar-20,deaths-involving-covid-19-registrations,Deaths involving COVID-19: registrations
0,2020,2020,E12000001,North East,week-11,Week 11 ending 13-Mar-20,deaths-involving-covid-19-registrations,Deaths involving COVID-19: registrations
1,2020,2020,E12000001,North East,week-12,Week 12 ending 20-Mar-20,deaths-involving-covid-19-registrations,Deaths involving COVID-19: registrations
15,2020,2020,E12000001,North East,week-13,Week 13 ending 27-Mar-20,deaths-involving-covid-19-registrations,Deaths involving COVID-19: registrations
134,2020,2020,E12000001,North East,week-14,Week 14 ending 03-Apr-20,deaths-involving-covid-19-registrations,Deaths involving COVID-19: registrations
288,2020,2020,E12000001,North East,week-15,Week 15 ending 10-Apr-20,deaths-involving-covid-19-registrations,Deaths involving COVID-19: registrations
475,2020,2020,E12000001,North East,week-16,Week 16 ending 17-Apr-20,deaths-involving-covid-19-registrations,Deaths involving COVID-19: registrations
419,2020,2020,E12000001,North East,week-17,Week 17 ending 24-Apr-20,deaths-involving-covid-19-registrations,Deaths involving COVID-19: registrations
316,2020,2020,E12000001,North East,week-18,Week 18 ending 01-May-20,deaths-involving-covid-19-registrations,Deaths involving COVID-19: registrations
271,2020,2020,E12000001,North East,week-19,Week 19 ending 08-May-20,deaths-involving-covid-19-registrations,Deaths involving COVID-19: registrations
0,2020,2020,E12000002,North West,week-1,Week 01 ending 03-Jan-20,deaths-involving-covid-19-registrations,Deaths involving COVID-19: registrations
0,2020,2020,E12000002,North West,week-2,Week 02 ending 10-Jan-20,deaths-involving-covid-19-registrations,Deaths involving COVID-19: registrations
0,2020,2020,E12000002,North West,week-3,Week 03 ending 17-Jan-20,deaths-involving-covid-19-registrations,Deaths involving COVID-19: registrations
0,2020,2020,E12000002,North West,week-4,Week 04 ending 24-Jan-20,deaths-involving-covid-19-registrations,Deaths involving COVID-19: registrations
0,2020,2020,E12000002,North West,week-5,Week 05 ending 31-Jan-20,deaths-involving-covid-19-registrations,Deaths involving COVID-19: registrations
0,2020,2020,E12000002,North West,week-6,Week 06 ending 07-Feb-20,deaths-involving-covid-19-registrations,Deaths involving COVID-19: registrations
0,2020,2020,E12000002,North West,week-7,Week 07 ending 14-Feb-20,deaths-involving-covid-19-registrations,Deaths involving COVID-19: registrations
0,2020,2020,E12000002,North West,week-8,Week 08 ending 21-Feb-20,deaths-involving-covid-19-registrations,Deaths involving COVID-19: registrations
0,2020,2020,E12000002,North West,week-9,Week 09 ending 28-Feb-20,deaths-involving-covid-19-registrations,Deaths involving COVID-19: registrations
0,2020,2020,E12000002,North West,week-10,Week 10 ending 06-Mar-20,deaths-involving-covid-19-registrations,Deaths involving COVID-19: registrations
1,2020,2020,E12000002,North West,week-11,Week 11 ending 13-Mar-20,deaths-involving-covid-19-registrations,Deaths involving COVID-19: registrations
12,2020,2020,E12000002,North West,week-12,Week 12 ending 20-Mar-20,deaths-involving-covid-19-registrations,Deaths involving COVID-19: registrations
60,2020,2020,E12000002,North West,week-13,Week 13 ending 27-Mar-20,deaths-involving-covid-19-registrations,Deaths involving COVID-19: registrations
418,2020,2020,E12000002,North West,week-14,Week 14 ending 03-Apr-20,deaths-involving-covid-19-registrations,Deaths involving COVID-19: registrations
909,2020,2020,E12000002,North West,week-15,Week 15 ending 10-Apr-20,deaths-involving-covid-19-registrations,Deaths involving COVID-19: registrations
1350,2020,2020,E12000002,North West,week-16,Week 16 ending 17-Apr-20,deaths-involving-covid-19-registrations,Deaths involving COVID-19: registrations
1207,2020,2020,E12000002,North West,week-17,Week 17 ending 24-Apr-20,deaths-involving-covid-19-registrations,Deaths involving COVID-19: registrations
910,2020,2020,E12000002,North West,week-18,Week 18 ending 01-May-20,deaths-involving-covid-19-registrations,Deaths involving COVID-19: registrations
597,2020,2020,E12000002,North West,week-19,Week 19 ending 08-May-20,deaths-involving-covid-19-registrations,Deaths involving COVID-19: registrations
0,2020,2020,E12000003,Yorkshire and The Humber,week-1,Week 01 ending 03-Jan-20,deaths-involving-covid-19-registrations,Deaths involving COVID-19: registrations
0,2020,2020,E12000003,Yorkshire and The Humber,week-2,Week 02 ending 10-Jan-20,deaths-involving-covid-19-registrations,Deaths involving COVID-19: registrations
0,2020,2020,E12000003,Yorkshire and The Humber,week-3,Week 03 ending 17-Jan-20,deaths-involving-covid-19-registrations,Deaths involving COVID-19: registrations
0,2020,2020,E12000003,Yorkshire and The Humber,week-4,Week 04 ending 24-Jan-20,deaths-involving-covid-19-registrations,Deaths involving COVID-19: registrations
0,2020,2020,E12000003,Yorkshire and The Humber,week-5,Week 05 ending 31-Jan-20,deaths-involving-covid-19-registrations,Deaths involving COVID-19: registrations
0,2020,2020,E12000003,Yorkshire and The Humber,week-6,Week 06 ending 07-Feb-20,deaths-involving-covid-19-registrations,Deaths involving COVID-19: registrations
0,2020,2020,E12000003,Yorkshire and The Humber,week-7,Week 07 ending 14-Feb-20,deaths-involving-covid-19-registrations,Deaths involving COVID-19: registrations
0,2020,2020,E12000003,Yorkshire and The Humber,week-8,Week 08 ending 21-Feb-20,deaths-involving-covid-19-registrations,Deaths involving COVID-19: registrations
0,2020,2020,E12000003,Yorkshire and The Humber,week-9,Week 09 ending 28-Feb-20,deaths-involving-covid-19-registrations,Deaths involving COVID-19: registrations
0,2020,2020,E12000003,Yorkshire and The Humber,week-10,Week 10 ending 06-Mar-20,deaths-involving-covid-19-registrations,Deaths involving COVID-19: registrations
0,2020,2020,E12000003,Yorkshire and The Humber,week-11,Week 11 ending 13-Mar-20,deaths-involving-covid-19-registrations,Deaths involving COVID-19: registrations
5,2020,2020,E12000003,Yorkshire and The Humber,week-12,Week 12 ending 20-Mar-20,deaths-involving-covid-19-registrations,Deaths involving COVID-19: registrations
12,2020,2020,E12000003,Yorkshire and The Humber,week-13,Week 13 ending 27-Mar-20,deaths-involving-covid-19-registrations,Deaths involving COVID-19: registrations
174,2020,2020,E12000003,Yorkshire and The Humber,week-14,Week 14 ending 03-Apr-20,deaths-involving-covid-19-registrations,Deaths involving COVID-19: registrations
374,2020,2020,E12000003,Yorkshire and The Humber,week-15,Week 15 ending 10-Apr-20,deaths-involving-covid-19-registrations,Deaths involving COVID-19: registrations
690,2020,2020,E12000003,Yorkshire and The Humber,week-16,Week 16 ending 17-Apr-20,deaths-involving-covid-19-registrations,Deaths involving COVID-19: registrations
755,2020,2020,E12000003,Yorkshire and The Humber,week-17,Week 17 ending 24-Apr-20,deaths-involving-covid-19-registrations,Deaths involving COVID-19: registrations
647,2020,2020,E12000003,Yorkshire and The Humber,week-18,Week 18 ending 01-May-20,deaths-involving-covid-19-registrations,Deaths involving COVID-19: registrations
432,2020,2020,E12000003,Yorkshire and The Humber,week-19,Week 19 ending 08-May-20,deaths-involving-covid-19-registrations,Deaths involving COVID-19: registrations
0,2020,2020,E12000004,East Midlands,week-1,Week 01 ending 03-Jan-20,deaths-involving-covid-19-registrations,Deaths involving COVID-19: registrations
0,2020,2020,E12000004,East Midlands,week-2,Week 02 ending 10-Jan-20,deaths-involving-covid-19-registrations,Deaths involving COVID-19: registrations
0,2020,2020,E12000004,East Midlands,week-3,Week 03 ending 17-Jan-20,deaths-involving-covid-19-registrations,Deaths involving COVID-19: registrations
0,2020,2020,E12000004,East Midlands,week-4,Week 04 ending 24-Jan-20,deaths-involving-covid-19-registrations,Deaths involving COVID-19: registrations
0,2020,2020,E12000004,East Midlands,week-5,Week 05 ending 31-Jan-20,deaths-involving-covid-19-registrations,Deaths involving COVID-19: registrations
0,2020,2020,E12000004,East Midlands,week-6,Week 06 ending 07-Feb-20,deaths-involving-covid-19-registrations,Deaths involving COVID-19: registrations
0,2020,2020,E12000004,East Midlands,week-7,Week 07 ending 14-Feb-20,deaths-involving-covid-19-registrations,Deaths involving COVID-19: registrations
0,2020,2020,E12000004,East Midlands,week-8,Week 08 ending 21-Feb-20,deaths-involving-covid-19-registrations,Deaths involving COVID-19: registrations
0,2020,2020,E12000004,East Midlands,week-9,Week 09 ending 28-Feb-20,deaths-involving-covid-19-registrations,Deaths involving COVID-19: registrations
0,2020,2020,E12000004,East Midlands,week-10,Week 10 ending 06-Mar-20,deaths-involving-covid-19-registrations,Deaths involving COVID-19: registrations
0,2020,2020,E12000004,East Midlands,week-11,Week 11 ending 13-Mar-20,deaths-involving-covid-19-registrations,Deaths involving COVID-19: registrations
3,2020,2020,E12000004,East Midlands,week-12,Week 12 ending 20-Mar-20,deaths-involving-covid-19-registrations,Deaths involving COVID-19: registrations
24,2020,2020,E12000004,East Midlands,week-13,Week 13 ending 27-Mar-20,deaths-involving-covid-19-registrations,Deaths involving COVID-19: registrations
185,2020,2020,E12000004,East Midlands,week-14,Week 14 ending 03-Apr-20,deaths-involving-covid-19-registrations,Deaths involving COVID-19: registrations
424,2020,2020,E12000004,East Midlands,week-15,Week 15 ending 10-Apr-20,deaths-involving-covid-19-registrations,Deaths involving COVID-19: registrations
558,2020,2020,E12000004,East Midlands,week-16,Week 16 ending 17-Apr-20,deaths-involving-covid-19-registrations,Deaths involving COVID-19: registrations
562,2020,2020,E12000004,East Midlands,week-17,Week 17 ending 24-Apr-20,deaths-involving-covid-19-registrations,Deaths involving COVID-19: registrations
438,2020,2020,E12000004,East Midlands,week-18,Week 18 ending 01-May-20,deaths-involving-covid-19-registrations,Deaths involving COVID-19: registrations
334,2020,2020,E12000004,East Midlands,week-19,Week 19 ending 08-May-20,deaths-involving-covid-19-registrations,Deaths involving COVID-19: registrations
0,2020,2020,E12000005,West Midlands,week-1,Week 01 ending 03-Jan-20,deaths-involving-covid-19-registrations,Deaths involving COVID-19: registrations
0,2020,2020,E12000005,West Midlands,week-2,Week 02 ending 10-Jan-20,deaths-involving-covid-19-registrations,Deaths involving COVID-19: registrations
0,2020,2020,E12000005,West Midlands,week-3,Week 03 ending 17-Jan-20,deaths-involving-covid-19-registrations,Deaths involving COVID-19: registrations
0,2020,2020,E12000005,West Midlands,week-4,Week 04 ending 24-Jan-20,deaths-involving-covid-19-registrations,Deaths involving COVID-19: registrations
0,2020,2020,E12000005,West Midlands,week-5,Week 05 ending 31-Jan-20,deaths-involving-covid-19-registrations,Deaths involving COVID-19: registrations
0,2020,2020,E12000005,West Midlands,week-6,Week 06 ending 07-Feb-20,deaths-involving-covid-19-registrations,Deaths involving COVID-19: registrations
0,2020,2020,E12000005,West Midlands,week-7,Week 07 ending 14-Feb-20,deaths-involving-covid-19-registrations,Deaths involving COVID-19: registrations
0,2020,2020,E12000005,West Midlands,week-8,Week 08 ending 21-Feb-20,deaths-involving-covid-19-registrations,Deaths involving COVID-19: registrations
0,2020,2020,E12000005,West Midlands,week-9,Week 09 ending 28-Feb-20,deaths-involving-covid-19-registrations,Deaths involving COVID-19: registrations
0,2020,2020,E12000005,West Midlands,week-10,Week 10 ending 06-Mar-20,deaths-involving-covid-19-registrations,Deaths involving COVID-19: registrations
2,2020,2020,E12000005,West Midlands,week-11,Week 11 ending 13-Mar-20,deaths-involving-covid-19-registrations,Deaths involving COVID-19: registrations
14,2020,2020,E12000005,West Midlands,week-12,Week 12 ending 20-Mar-20,deaths-involving-covid-19-registrations,Deaths involving COVID-19: registrations
67,2020,2020,E12000005,West Midlands,week-13,Week 13 ending 27-Mar-20,deaths-involving-covid-19-registrations,Deaths involving COVID-19: registrations
400,2020,2020,E12000005,West Midlands,week-14,Week 14 ending 03-Apr-20,deaths-involving-covid-19-registrations,Deaths involving COVID-19: registrations
807,2020,2020,E12000005,West Midlands,week-15,Week 15 ending 10-Apr-20,deaths-involving-covid-19-registrations,Deaths involving COVID-19: registrations
999,2020,2020,E12000005,West Midlands,week-16,Week 16 ending 17-Apr-20,deaths-involving-covid-19-registrations,Deaths involving COVID-19: registrations
880,2020,2020,E12000005,West Midlands,week-17,Week 17 ending 24-Apr-20,deaths-involving-covid-19-registrations,Deaths involving COVID-19: registrations
651,2020,2020,E12000005,West Midlands,week-18,Week 18 ending 01-May-20,deaths-involving-covid-19-registrations,Deaths involving COVID-19: registrations
443,2020,2020,E12000005,West Midlands,week-19,Week 19 ending 08-May-20,deaths-involving-covid-19-registrations,Deaths involving COVID-19: registrations
0,2020,2020,E12000006,East of England,week-1,Week 01 ending 03-Jan-20,deaths-involving-covid-19-registrations,Deaths involving COVID-19: registrations
0,2020,2020,E12000006,East of England,week-2,Week 02 ending 10-Jan-20,deaths-involving-covid-19-registrations,Deaths involving COVID-19: registrations
0,2020,2020,E12000006,East of England,week-3,Week 03 ending 17-Jan-20,deaths-involving-covid-19-registrations,Deaths involving COVID-19: registrations
0,2020,2020,E12000006,East of England,week-4,Week 04 ending 24-Jan-20,deaths-involving-covid-19-registrations,Deaths involving COVID-19: registrations
0,2020,2020,E12000006,East of England,week-5,Week 05 ending 31-Jan-20,deaths-involving-covid-19-registrations,Deaths involving COVID-19: registrations
0,2020,2020,E12000006,East of England,week-6,Week 06 ending 07-Feb-20,deaths-involving-covid-19-registrations,Deaths involving COVID-19: registrations
0,2020,2020,E12000006,East of England,week-7,Week 07 ending 14-Feb-20,deaths-involving-covid-19-registrations,Deaths involving COVID-19: registrations
0,2020,2020,E12000006,East of England,week-8,Week 08 ending 21-Feb-20,deaths-involving-covid-19-registrations,Deaths involving COVID-19: registrations
0,2020,2020,E12000006,East of England,week-9,Week 09 ending 28-Feb-20,deaths-involving-covid-19-registrations,Deaths involving COVID-19: registrations
0,2020,2020,E12000006,East of England,week-10,Week 10 ending 06-Mar-20,deaths-involving-covid-19-registrations,Deaths involving COVID-19: registrations
0,2020,2020,E12000006,East of England,week-11,Week 11 ending 13-Mar-20,deaths-involving-covid-19-registrations,Deaths involving COVID-19: registrations
3,2020,2020,E12000006,East of England,week-12,Week 12 ending 20-Mar-20,deaths-involving-covid-19-registrations,Deaths involving COVID-19: registrations
12,2020,2020,E12000006,East of England,week-13,Week 13 ending 27-Mar-20,deaths-involving-covid-19-registrations,Deaths involving COVID-19: registrations
283,2020,2020,E12000006,East of England,week-14,Week 14 ending 03-Apr-20,deaths-involving-covid-19-registrations,Deaths involving COVID-19: registrations
564,2020,2020,E12000006,East of England,week-15,Week 15 ending 10-Apr-20,deaths-involving-covid-19-registrations,Deaths involving COVID-19: registrations
835,2020,2020,E12000006,East of England,week-16,Week 16 ending 17-Apr-20,deaths-involving-covid-19-registrations,Deaths involving COVID-19: registrations
814,2020,2020,E12000006,East of England,week-17,Week 17 ending 24-Apr-20,deaths-involving-covid-19-registrations,Deaths involving COVID-19: registrations
631,2020,2020,E12000006,East of England,week-18,Week 18 ending 01-May-20,deaths-involving-covid-19-registrations,Deaths involving COVID-19: registrations
373,2020,2020,E12000006,East of England,week-19,Week 19 ending 08-May-20,deaths-involving-covid-19-registrations,Deaths involving COVID-19: registrations
0,2020,2020,E12000007,London,week-1,Week 01 ending 03-Jan-20,deaths-involving-covid-19-registrations,Deaths involving COVID-19: registrations
0,2020,2020,E12000007,London,week-2,Week 02 ending 10-Jan-20,deaths-involving-covid-19-registrations,Deaths involving COVID-19: registrations
0,2020,2020,E12000007,London,week-3,Week 03 ending 17-Jan-20,deaths-involving-covid-19-registrations,Deaths involving COVID-19: registrations
0,2020,2020,E12000007,London,week-4,Week 04 ending 24-Jan-20,deaths-involving-covid-19-registrations,Deaths involving COVID-19: registrations
0,2020,2020,E12000007,London,week-5,Week 05 ending 31-Jan-20,deaths-involving-covid-19-registrations,Deaths involving COVID-19: registrations
0,2020,2020,E12000007,London,week-6,Week 06 ending 07-Feb-20,deaths-involving-covid-19-registrations,Deaths involving COVID-19: registrations
0,2020,2020,E12000007,London,week-7,Week 07 ending 14-Feb-20,deaths-involving-covid-19-registrations,Deaths involving COVID-19: registrations
0,2020,2020,E12000007,London,week-8,Week 08 ending 21-Feb-20,deaths-involving-covid-19-registrations,Deaths involving COVID-19: registrations
0,2020,2020,E12000007,London,week-9,Week 09 ending 28-Feb-20,deaths-involving-covid-19-registrations,Deaths involving COVID-19: registrations
0,2020,2020,E12000007,London,week-10,Week 10 ending 06-Mar-20,deaths-involving-covid-19-registrations,Deaths involving COVID-19: registrations
0,2020,2020,E12000007,London,week-11,Week 11 ending 13-Mar-20,deaths-involving-covid-19-registrations,Deaths involving COVID-19: registrations
44,2020,2020,E12000007,London,week-12,Week 12 ending 20-Mar-20,deaths-involving-covid-19-registrations,Deaths involving COVID-19: registrations
237,2020,2020,E12000007,London,week-13,Week 13 ending 27-Mar-20,deaths-involving-covid-19-registrations,Deaths involving COVID-19: registrations
1170,2020,2020,E12000007,London,week-14,Week 14 ending 03-Apr-20,deaths-involving-covid-19-registrations,Deaths involving COVID-19: registrations
1506,2020,2020,E12000007,London,week-15,Week 15 ending 10-Apr-20,deaths-involving-covid-19-registrations,Deaths involving COVID-19: registrations
1818,2020,2020,E12000007,London,week-16,Week 16 ending 17-Apr-20,deaths-involving-covid-19-registrations,Deaths involving COVID-19: registrations
1406,2020,2020,E12000007,London,week-17,Week 17 ending 24-Apr-20,deaths-involving-covid-19-registrations,Deaths involving COVID-19: registrations
785,2020,2020,E12000007,London,week-18,Week 18 ending 01-May-20,deaths-involving-covid-19-registrations,Deaths involving COVID-19: registrations
439,2020,2020,E12000007,London,week-19,Week 19 ending 08-May-20,deaths-involving-covid-19-registrations,Deaths involving COVID-19: registrations
0,2020,2020,E12000008,South East,week-1,Week 01 ending 03-Jan-20,deaths-involving-covid-19-registrations,Deaths involving COVID-19: registrations
0,2020,2020,E12000008,South East,week-2,Week 02 ending 10-Jan-20,deaths-involving-covid-19-registrations,Deaths involving COVID-19: registrations
0,2020,2020,E12000008,South East,week-3,Week 03 ending 17-Jan-20,deaths-involving-covid-19-registrations,Deaths involving COVID-19: registrations
0,2020,2020,E12000008,South East,week-4,Week 04 ending 24-Jan-20,deaths-involving-covid-19-registrations,Deaths involving COVID-19: registrations
0,2020,2020,E12000008,South East,week-5,Week 05 ending 31-Jan-20,deaths-involving-covid-19-registrations,Deaths involving COVID-19: registrations
0,2020,2020,E12000008,South East,week-6,Week 06 ending 07-Feb-20,deaths-involving-covid-19-registrations,Deaths involving COVID-19: registrations
0,2020,2020,E12000008,South East,week-7,Week 07 ending 14-Feb-20,deaths-involving-covid-19-registrations,Deaths involving COVID-19: registrations
0,2020,2020,E12000008,South East,week-8,Week 08 ending 21-Feb-20,deaths-involving-covid-19-registrations,Deaths involving COVID-19: registrations
0,2020,2020,E12000008,South East,week-9,Week 09 ending 28-Feb-20,deaths-involving-covid-19-registrations,Deaths involving COVID-19: registrations
0,2020,2020,E12000008,South East,week-10,Week 10 ending 06-Mar-20,deaths-involving-covid-19-registrations,Deaths involving COVID-19: registrations
2,2020,2020,E12000008,South East,week-11,Week 11 ending 13-Mar-20,deaths-involving-covid-19-registrations,Deaths involving COVID-19: registrations
17,2020,2020,E12000008,South East,week-12,Week 12 ending 20-Mar-20,deaths-involving-covid-19-registrations,Deaths involving COVID-19: registrations
69,2020,2020,E12000008,South East,week-13,Week 13 ending 27-Mar-20,deaths-involving-covid-19-registrations,Deaths involving COVID-19: registrations
411,2020,2020,E12000008,South East,week-14,Week 14 ending 03-Apr-20,deaths-involving-covid-19-registrations,Deaths involving COVID-19: registrations
729,2020,2020,E12000008,South East,week-15,Week 15 ending 10-Apr-20,deaths-involving-covid-19-registrations,Deaths involving COVID-19: registrations
1109,2020,2020,E12000008,South East,week-16,Week 16 ending 17-Apr-20,deaths-involving-covid-19-registrations,Deaths involving COVID-19: registrations
1232,2020,2020,E12000008,South East,week-17,Week 17 ending 24-Apr-20,deaths-involving-covid-19-registrations,Deaths involving COVID-19: registrations
966,2020,2020,E12000008,South East,week-18,Week 18 ending 01-May-20,deaths-involving-covid-19-registrations,Deaths involving COVID-19: registrations
551,2020,2020,E12000008,South East,week-19,Week 19 ending 08-May-20,deaths-involving-covid-19-registrations,Deaths involving COVID-19: registrations
0,2020,2020,E12000009,South West,week-1,Week 01 ending 03-Jan-20,deaths-involving-covid-19-registrations,Deaths involving COVID-19: registrations
0,2020,2020,E12000009,South West,week-2,Week 02 ending 10-Jan-20,deaths-involving-covid-19-registrations,Deaths involving COVID-19: registrations
0,2020,2020,E12000009,South West,week-3,Week 03 ending 17-Jan-20,deaths-involving-covid-19-registrations,Deaths involving COVID-19: registrations
0,2020,2020,E12000009,South West,week-4,Week 04 ending 24-Jan-20,deaths-involving-covid-19-registrations,Deaths involving COVID-19: registrations
0,2020,2020,E12000009,South West,week-5,Week 05 ending 31-Jan-20,deaths-involving-covid-19-registrations,Deaths involving COVID-19: registrations
0,2020,2020,E12000009,South West,week-6,Week 06 ending 07-Feb-20,deaths-involving-covid-19-registrations,Deaths involving COVID-19: registrations
0,2020,2020,E12000009,South West,week-7,Week 07 ending 14-Feb-20,deaths-involving-covid-19-registrations,Deaths involving COVID-19: registrations
0,2020,2020,E12000009,South West,week-8,Week 08 ending 21-Feb-20,deaths-involving-covid-19-registrations,Deaths involving COVID-19: registrations
0,2020,2020,E12000009,South West,week-9,Week 09 ending 28-Feb-20,deaths-involving-covid-19-registrations,Deaths involving COVID-19: registrations
0,2020,2020,E12000009,South West,week-10,Week 10 ending 06-Mar-20,deaths-involving-covid-19-registrations,Deaths involving COVID-19: registrations
0,2020,2020,E12000009,South West,week-11,Week 11 ending 13-Mar-20,deaths-involving-covid-19-registrations,Deaths involving COVID-19: registrations
1,2020,2020,E12000009,South West,week-12,Week 12 ending 20-Mar-20,deaths-involving-covid-19-registrations,Deaths involving COVID-19: registrations
19,2020,2020,E12000009,South West,week-13,Week 13 ending 27-Mar-20,deaths-involving-covid-19-registrations,Deaths involving COVID-19: registrations
155,2020,2020,E12000009,South West,week-14,Week 14 ending 03-Apr-20,deaths-involving-covid-19-registrations,Deaths involving COVID-19: registrations
298,2020,2020,E12000009,South West,week-15,Week 15 ending 10-Apr-20,deaths-involving-covid-19-registrations,Deaths involving COVID-19: registrations
501,2020,2020,E12000009,South West,week-16,Week 16 ending 17-Apr-20,deaths-involving-covid-19-registrations,Deaths involving COVID-19: registrations
531,2020,2020,E12000009,South West,week-17,Week 17 ending 24-Apr-20,deaths-involving-covid-19-registrations,Deaths involving COVID-19: registrations
404,2020,2020,E12000009,South West,week-18,Week 18 ending 01-May-20,deaths-involving-covid-19-registrations,Deaths involving COVID-19: registrations
276,2020,2020,E12000009,South West,week-19,Week 19 ending 08-May-20,deaths-involving-covid-19-registrations,Deaths involving COVID-19: registrations
0,2020,2020,W92000004,Wales,week-1,Week 01 ending 03-Jan-20,deaths-involving-covid-19-registrations,Deaths involving COVID-19: registrations
0,2020,2020,W92000004,Wales,week-2,Week 02 ending 10-Jan-20,deaths-involving-covid-19-registrations,Deaths involving COVID-19: registrations
0,2020,2020,W92000004,Wales,week-3,Week 03 ending 17-Jan-20,deaths-involving-covid-19-registrations,Deaths involving COVID-19: registrations
0,2020,2020,W92000004,Wales,week-4,Week 04 ending 24-Jan-20,deaths-involving-covid-19-registrations,Deaths involving COVID-19: registrations
0,2020,2020,W92000004,Wales,week-5,Week 05 ending 31-Jan-20,deaths-involving-covid-19-registrations,Deaths involving COVID-19: registrations
0,2020,2020,W92000004,Wales,week-6,Week 06 ending 07-Feb-20,deaths-involving-covid-19-registrations,Deaths involving COVID-19: registrations
0,2020,2020,W92000004,Wales,week-7,Week 07 ending 14-Feb-20,deaths-involving-covid-19-registrations,Deaths involving COVID-19: registrations
0,2020,2020,W92000004,Wales,week-8,Week 08 ending 21-Feb-20,deaths-involving-covid-19-registrations,Deaths involving COVID-19: registrations
0,2020,2020,W92000004,Wales,week-9,Week 09 ending 28-Feb-20,deaths-involving-covid-19-registrations,Deaths involving COVID-19: registrations
0,2020,2020,W92000004,Wales,week-10,Week 10 ending 06-Mar-20,deaths-involving-covid-19-registrations,Deaths involving COVID-19: registrations
0,2020,2020,W92000004,Wales,week-11,Week 11 ending 13-Mar-20,deaths-involving-covid-19-registrations,Deaths involving COVID-19: registrations
2,2020,2020,W92000004,Wales,week-12,Week 12 ending 20-Mar-20,deaths-involving-covid-19-registrations,Deaths involving COVID-19: registrations
21,2020,2020,W92000004,Wales,week-13,Week 13 ending 27-Mar-20,deaths-involving-covid-19-registrations,Deaths involving COVID-19: registrations
134,2020,2020,W92000004,Wales,week-14,Week 14 ending 03-Apr-20,deaths-involving-covid-19-registrations,Deaths involving COVID-19: registrations
304,2020,2020,W92000004,Wales,week-15,Week 15 ending 10-Apr-20,deaths-involving-covid-19-registrations,Deaths involving COVID-19: registrations
409,2020,2020,W92000004,Wales,week-16,Week 16 ending 17-Apr-20,deaths-involving-covid-19-registrations,Deaths involving COVID-19: registrations
413,2020,2020,W92000004,Wales,week-17,Week 17 ending 24-Apr-20,deaths-involving-covid-19-registrations,Deaths involving COVID-19: registrations
281,2020,2020,W92000004,Wales,week-18,Week 18 ending 01-May-20,deaths-involving-covid-19-registrations,Deaths involving COVID-19: registrations
211,2020,2020,W92000004,Wales,week-19,Week 19 ending 08-May-20,deaths-involving-covid-19-registrations,Deaths involving COVID-19: registrations
0,2020,2020,K04000001,England and Wales,week-1,Week 01 ending 03-Jan-20,deaths-involving-covid-19-occurrences,Deaths involving COVID-19: occurrences
0,2020,2020,K04000001,England and Wales,week-2,Week 02 ending 10-Jan-20,deaths-involving-covid-19-occurrences,Deaths involving COVID-19: occurrences
0,2020,2020,K04000001,England and Wales,week-3,Week 03 ending 17-Jan-20,deaths-involving-covid-19-occurrences,Deaths involving COVID-19: occurrences
0,2020,2020,K04000001,England and Wales,week-4,Week 04 ending 24-Jan-20,deaths-involving-covid-19-occurrences,Deaths involving COVID-19: occurrences
0,2020,2020,K04000001,England and Wales,week-5,Week 05 ending 31-Jan-20,deaths-involving-covid-19-occurrences,Deaths involving COVID-19: occurrences
0,2020,2020,K04000001,England and Wales,week-6,Week 06 ending 07-Feb-20,deaths-involving-covid-19-occurrences,Deaths involving COVID-19: occurrences
0,2020,2020,K04000001,England and Wales,week-7,Week 07 ending 14-Feb-20,deaths-involving-covid-19-occurrences,Deaths involving COVID-19: occurrences
0,2020,2020,K04000001,England and Wales,week-8,Week 08 ending 21-Feb-20,deaths-involving-covid-19-occurrences,Deaths involving COVID-19: occurrences
0,2020,2020,K04000001,England and Wales,week-9,Week 09 ending 28-Feb-20,deaths-involving-covid-19-occurrences,Deaths involving COVID-19: occurrences
5,2020,2020,K04000001,England and Wales,week-10,Week 10 ending 06-Mar-20,deaths-involving-covid-19-occurrences,Deaths involving COVID-19: occurrences
41,2020,2020,K04000001,England and Wales,week-11,Week 11 ending 13-Mar-20,deaths-involving-covid-19-occurrences,Deaths involving COVID-19: occurrences
397,2020,2020,K04000001,England and Wales,week-12,Week 12 ending 20-Mar-20,deaths-involving-covid-19-occurrences,Deaths involving COVID-19: occurrences
1851,2020,2020,K04000001,England and Wales,week-13,Week 13 ending 27-Mar-20,deaths-involving-covid-19-occurrences,Deaths involving COVID-19: occurrences
5109,2020,2020,K04000001,England and Wales,week-14,Week 14 ending 03-Apr-20,deaths-involving-covid-19-occurrences,Deaths involving COVID-19: occurrences
8104,2020,2020,K04000001,England and Wales,week-15,Week 15 ending 10-Apr-20,deaths-involving-covid-19-occurrences,Deaths involving COVID-19: occurrences
8152,2020,2020,K04000001,England and Wales,week-16,Week 16 ending 17-Apr-20,deaths-involving-covid-19-occurrences,Deaths involving COVID-19: occurrences
6790,2020,2020,K04000001,England and Wales,week-17,Week 17 ending 24-Apr-20,deaths-involving-covid-19-occurrences,Deaths involving COVID-19: occurrences
5048,2020,2020,K04000001,England and Wales,week-18,Week 18 ending 01-May-20,deaths-involving-covid-19-occurrences,Deaths involving COVID-19: occurrences
3574,2020,2020,K04000001,England and Wales,week-19,Week 19 ending 08-May-20,deaths-involving-covid-19-occurrences,Deaths involving COVID-19: occurrences
0,2020,2020,E12000001,North East,week-1,Week 01 ending 03-Jan-20,deaths-involving-covid-19-occurrences,Deaths involving COVID-19: occurrences
0,2020,2020,E12000001,North East,week-2,Week 02 ending 10-Jan-20,deaths-involving-covid-19-occurrences,Deaths involving COVID-19: occurrences
0,2020,2020,E12000001,North East,week-3,Week 03 ending 17-Jan-20,deaths-involving-covid-19-occurrences,Deaths involving COVID-19: occurrences
0,2020,2020,E12000001,North East,week-4,Week 04 ending 24-Jan-20,deaths-involving-covid-19-occurrences,Deaths involving COVID-19: occurrences
0,2020,2020,E12000001,North East,week-5,Week 05 ending 31-Jan-20,deaths-involving-covid-19-occurrences,Deaths involving COVID-19: occurrences
0,2020,2020,E12000001,North East,week-6,Week 06 ending 07-Feb-20,deaths-involving-covid-19-occurrences,Deaths involving COVID-19: occurrences
0,2020,2020,E12000001,North East,week-7,Week 07 ending 14-Feb-20,deaths-involving-covid-19-occurrences,Deaths involving COVID-19: occurrences
0,2020,2020,E12000001,North East,week-8,Week 08 ending 21-Feb-20,deaths-involving-covid-19-occurrences,Deaths involving COVID-19: occurrences
0,2020,2020,E12000001,North East,week-9,Week 09 ending 28-Feb-20,deaths-involving-covid-19-occurrences,Deaths involving COVID-19: occurrences
0,2020,2020,E12000001,North East,week-10,Week 10 ending 06-Mar-20,deaths-involving-covid-19-occurrences,Deaths involving COVID-19: occurrences
0,2020,2020,E12000001,North East,week-11,Week 11 ending 13-Mar-20,deaths-involving-covid-19-occurrences,Deaths involving COVID-19: occurrences
4,2020,2020,E12000001,North East,week-12,Week 12 ending 20-Mar-20,deaths-involving-covid-19-occurrences,Deaths involving COVID-19: occurrences
42,2020,2020,E12000001,North East,week-13,Week 13 ending 27-Mar-20,deaths-involving-covid-19-occurrences,Deaths involving COVID-19: occurrences
215,2020,2020,E12000001,North East,week-14,Week 14 ending 03-Apr-20,deaths-involving-covid-19-occurrences,Deaths involving COVID-19: occurrences
405,2020,2020,E12000001,North East,week-15,Week 15 ending 10-Apr-20,deaths-involving-covid-19-occurrences,Deaths involving COVID-19: occurrences
397,2020,2020,E12000001,North East,week-16,Week 16 ending 17-Apr-20,deaths-involving-covid-19-occurrences,Deaths involving COVID-19: occurrences
361,2020,2020,E12000001,North East,week-17,Week 17 ending 24-Apr-20,deaths-involving-covid-19-occurrences,Deaths involving COVID-19: occurrences
324,2020,2020,E12000001,North East,week-18,Week 18 ending 01-May-20,deaths-involving-covid-19-occurrences,Deaths involving COVID-19: occurrences
273,2020,2020,E12000001,North East,week-19,Week 19 ending 08-May-20,deaths-involving-covid-19-occurrences,Deaths involving COVID-19: occurrences
0,2020,2020,E12000002,North West,week-1,Week 01 ending 03-Jan-20,deaths-involving-covid-19-occurrences,Deaths involving COVID-19: occurrences
0,2020,2020,E12000002,North West,week-2,Week 02 ending 10-Jan-20,deaths-involving-covid-19-occurrences,Deaths involving COVID-19: occurrences
0,2020,2020,E12000002,North West,week-3,Week 03 ending 17-Jan-20,deaths-involving-covid-19-occurrences,Deaths involving COVID-19: occurrences
0,2020,2020,E12000002,North West,week-4,Week 04 ending 24-Jan-20,deaths-involving-covid-19-occurrences,Deaths involving COVID-19: occurrences
0,2020,2020,E12000002,North West,week-5,Week 05 ending 31-Jan-20,deaths-involving-covid-19-occurrences,Deaths involving COVID-19: occurrences
0,2020,2020,E12000002,North West,week-6,Week 06 ending 07-Feb-20,deaths-involving-covid-19-occurrences,Deaths involving COVID-19: occurrences
0,2020,2020,E12000002,North West,week-7,Week 07 ending 14-Feb-20,deaths-involving-covid-19-occurrences,Deaths involving COVID-19: occurrences
0,2020,2020,E12000002,North West,week-8,Week 08 ending 21-Feb-20,deaths-involving-covid-19-occurrences,Deaths involving COVID-19: occurrences
0,2020,2020,E12000002,North West,week-9,Week 09 ending 28-Feb-20,deaths-involving-covid-19-occurrences,Deaths involving COVID-19: occurrences
0,2020,2020,E12000002,North West,week-10,Week 10 ending 06-Mar-20,deaths-involving-covid-19-occurrences,Deaths involving COVID-19: occurrences
5,2020,2020,E12000002,North West,week-11,Week 11 ending 13-Mar-20,deaths-involving-covid-19-occurrences,Deaths involving COVID-19: occurrences
35,2020,2020,E12000002,North West,week-12,Week 12 ending 20-Mar-20,deaths-involving-covid-19-occurrences,Deaths involving COVID-19: occurrences
166,2020,2020,E12000002,North West,week-13,Week 13 ending 27-Mar-20,deaths-involving-covid-19-occurrences,Deaths involving COVID-19: occurrences
642,2020,2020,E12000002,North West,week-14,Week 14 ending 03-Apr-20,deaths-involving-covid-19-occurrences,Deaths involving COVID-19: occurrences
1096,2020,2020,E12000002,North West,week-15,Week 15 ending 10-Apr-20,deaths-involving-covid-19-occurrences,Deaths involving COVID-19: occurrences
1317,2020,2020,E12000002,North West,week-16,Week 16 ending 17-Apr-20,deaths-involving-covid-19-occurrences,Deaths involving COVID-19: occurrences
1080,2020,2020,E12000002,North West,week-17,Week 17 ending 24-Apr-20,deaths-involving-covid-19-occurrences,Deaths involving COVID-19: occurrences
764,2020,2020,E12000002,North West,week-18,Week 18 ending 01-May-20,deaths-involving-covid-19-occurrences,Deaths involving COVID-19: occurrences
624,2020,2020,E12000002,North West,week-19,Week 19 ending 08-May-20,deaths-involving-covid-19-occurrences,Deaths involving COVID-19: occurrences
0,2020,2020,E12000003,Yorkshire and The Humber,week-1,Week 01 ending 03-Jan-20,deaths-involving-covid-19-occurrences,Deaths involving COVID-19: occurrences
0,2020,2020,E12000003,Yorkshire and The Humber,week-2,Week 02 ending 10-Jan-20,deaths-involving-covid-19-occurrences,Deaths involving COVID-19: occurrences
0,2020,2020,E12000003,Yorkshire and The Humber,week-3,Week 03 ending 17-Jan-20,deaths-involving-covid-19-occurrences,Deaths involving COVID-19: occurrences
0,2020,2020,E12000003,Yorkshire and The Humber,week-4,Week 04 ending 24-Jan-20,deaths-involving-covid-19-occurrences,Deaths involving COVID-19: occurrences
0,2020,2020,E12000003,Yorkshire and The Humber,week-5,Week 05 ending 31-Jan-20,deaths-involving-covid-19-occurrences,Deaths involving COVID-19: occurrences
0,2020,2020,E12000003,Yorkshire and The Humber,week-6,Week 06 ending 07-Feb-20,deaths-involving-covid-19-occurrences,Deaths involving COVID-19: occurrences
0,2020,2020,E12000003,Yorkshire and The Humber,week-7,Week 07 ending 14-Feb-20,deaths-involving-covid-19-occurrences,Deaths involving COVID-19: occurrences
0,2020,2020,E12000003,Yorkshire and The Humber,week-8,Week 08 ending 21-Feb-20,deaths-involving-covid-19-occurrences,Deaths involving COVID-19: occurrences
0,2020,2020,E12000003,Yorkshire and The Humber,week-9,Week 09 ending 28-Feb-20,deaths-involving-covid-19-occurrences,Deaths involving COVID-19: occurrences
0,2020,2020,E12000003,Yorkshire and The Humber,week-10,Week 10 ending 06-Mar-20,deaths-involving-covid-19-occurrences,Deaths involving COVID-19: occurrences
0,2020,2020,E12000003,Yorkshire and The Humber,week-11,Week 11 ending 13-Mar-20,deaths-involving-covid-19-occurrences,Deaths involving COVID-19: occurrences
11,2020,2020,E12000003,Yorkshire and The Humber,week-12,Week 12 ending 20-Mar-20,deaths-involving-covid-19-occurrences,Deaths involving COVID-19: occurrences
60,2020,2020,E12000003,Yorkshire and The Humber,week-13,Week 13 ending 27-Mar-20,deaths-involving-covid-19-occurrences,Deaths involving COVID-19: occurrences
286,2020,2020,E12000003,Yorkshire and The Humber,week-14,Week 14 ending 03-Apr-20,deaths-involving-covid-19-occurrences,Deaths involving COVID-19: occurrences
591,2020,2020,E12000003,Yorkshire and The Humber,week-15,Week 15 ending 10-Apr-20,deaths-involving-covid-19-occurrences,Deaths involving COVID-19: occurrences
681,2020,2020,E12000003,Yorkshire and The Humber,week-16,Week 16 ending 17-Apr-20,deaths-involving-covid-19-occurrences,Deaths involving COVID-19: occurrences
676,2020,2020,E12000003,Yorkshire and The Humber,week-17,Week 17 ending 24-Apr-20,deaths-involving-covid-19-occurrences,Deaths involving COVID-19: occurrences
573,2020,2020,E12000003,Yorkshire and The Humber,week-18,Week 18 ending 01-May-20,deaths-involving-covid-19-occurrences,Deaths involving COVID-19: occurrences
414,2020,2020,E12000003,Yorkshire and The Humber,week-19,Week 19 ending 08-May-20,deaths-involving-covid-19-occurrences,Deaths involving COVID-19: occurrences
0,2020,2020,E12000004,East Midlands,week-1,Week 01 ending 03-Jan-20,deaths-involving-covid-19-occurrences,Deaths involving COVID-19: occurrences
0,2020,2020,E12000004,East Midlands,week-2,Week 02 ending 10-Jan-20,deaths-involving-covid-19-occurrences,Deaths involving COVID-19: occurrences
0,2020,2020,E12000004,East Midlands,week-3,Week 03 ending 17-Jan-20,deaths-involving-covid-19-occurrences,Deaths involving COVID-19: occurrences
0,2020,2020,E12000004,East Midlands,week-4,Week 04 ending 24-Jan-20,deaths-involving-covid-19-occurrences,Deaths involving COVID-19: occurrences
0,2020,2020,E12000004,East Midlands,week-5,Week 05 ending 31-Jan-20,deaths-involving-covid-19-occurrences,Deaths involving COVID-19: occurrences
0,2020,2020,E12000004,East Midlands,week-6,Week 06 ending 07-Feb-20,deaths-involving-covid-19-occurrences,Deaths involving COVID-19: occurrences
0,2020,2020,E12000004,East Midlands,week-7,Week 07 ending 14-Feb-20,deaths-involving-covid-19-occurrences,Deaths involving COVID-19: occurrences
0,2020,2020,E12000004,East Midlands,week-8,Week 08 ending 21-Feb-20,deaths-involving-covid-19-occurrences,Deaths involving COVID-19: occurrences
0,2020,2020,E12000004,East Midlands,week-9,Week 09 ending 28-Feb-20,deaths-involving-covid-19-occurrences,Deaths involving COVID-19: occurrences
0,2020,2020,E12000004,East Midlands,week-10,Week 10 ending 06-Mar-20,deaths-involving-covid-19-occurrences,Deaths involving COVID-19: occurrences
2,2020,2020,E12000004,East Midlands,week-11,Week 11 ending 13-Mar-20,deaths-involving-covid-19-occurrences,Deaths involving COVID-19: occurrences
19,2020,2020,E12000004,East Midlands,week-12,Week 12 ending 20-Mar-20,deaths-involving-covid-19-occurrences,Deaths involving COVID-19: occurrences
95,2020,2020,E12000004,East Midlands,week-13,Week 13 ending 27-Mar-20,deaths-involving-covid-19-occurrences,Deaths involving COVID-19: occurrences
289,2020,2020,E12000004,East Midlands,week-14,Week 14 ending 03-Apr-20,deaths-involving-covid-19-occurrences,Deaths involving COVID-19: occurrences
537,2020,2020,E12000004,East Midlands,week-15,Week 15 ending 10-Apr-20,deaths-involving-covid-19-occurrences,Deaths involving COVID-19: occurrences
555,2020,2020,E12000004,East Midlands,week-16,Week 16 ending 17-Apr-20,deaths-involving-covid-19-occurrences,Deaths involving COVID-19: occurrences
477,2020,2020,E12000004,East Midlands,week-17,Week 17 ending 24-Apr-20,deaths-involving-covid-19-occurrences,Deaths involving COVID-19: occurrences
409,2020,2020,E12000004,East Midlands,week-18,Week 18 ending 01-May-20,deaths-involving-covid-19-occurrences,Deaths involving COVID-19: occurrences
291,2020,2020,E12000004,East Midlands,week-19,Week 19 ending 08-May-20,deaths-involving-covid-19-occurrences,Deaths involving COVID-19: occurrences
0,2020,2020,E12000005,West Midlands,week-1,Week 01 ending 03-Jan-20,deaths-involving-covid-19-occurrences,Deaths involving COVID-19: occurrences
0,2020,2020,E12000005,West Midlands,week-2,Week 02 ending 10-Jan-20,deaths-involving-covid-19-occurrences,Deaths involving COVID-19: occurrences
0,2020,2020,E12000005,West Midlands,week-3,Week 03 ending 17-Jan-20,deaths-involving-covid-19-occurrences,Deaths involving COVID-19: occurrences
0,2020,2020,E12000005,West Midlands,week-4,Week 04 ending 24-Jan-20,deaths-involving-covid-19-occurrences,Deaths involving COVID-19: occurrences
0,2020,2020,E12000005,West Midlands,week-5,Week 05 ending 31-Jan-20,deaths-involving-covid-19-occurrences,Deaths involving COVID-19: occurrences
0,2020,2020,E12000005,West Midlands,week-6,Week 06 ending 07-Feb-20,deaths-involving-covid-19-occurrences,Deaths involving COVID-19: occurrences
0,2020,2020,E12000005,West Midlands,week-7,Week 07 ending 14-Feb-20,deaths-involving-covid-19-occurrences,Deaths involving COVID-19: occurrences
0,2020,2020,E12000005,West Midlands,week-8,Week 08 ending 21-Feb-20,deaths-involving-covid-19-occurrences,Deaths involving COVID-19: occurrences
0,2020,2020,E12000005,West Midlands,week-9,Week 09 ending 28-Feb-20,deaths-involving-covid-19-occurrences,Deaths involving COVID-19: occurrences
0,2020,2020,E12000005,West Midlands,week-10,Week 10 ending 06-Mar-20,deaths-involving-covid-19-occurrences,Deaths involving COVID-19: occurrences
10,2020,2020,E12000005,West Midlands,week-11,Week 11 ending 13-Mar-20,deaths-involving-covid-19-occurrences,Deaths involving COVID-19: occurrences
57,2020,2020,E12000005,West Midlands,week-12,Week 12 ending 20-Mar-20,deaths-involving-covid-19-occurrences,Deaths involving COVID-19: occurrences
252,2020,2020,E12000005,West Midlands,week-13,Week 13 ending 27-Mar-20,deaths-involving-covid-19-occurrences,Deaths involving COVID-19: occurrences
716,2020,2020,E12000005,West Midlands,week-14,Week 14 ending 03-Apr-20,deaths-involving-covid-19-occurrences,Deaths involving COVID-19: occurrences
891,2020,2020,E12000005,West Midlands,week-15,Week 15 ending 10-Apr-20,deaths-involving-covid-19-occurrences,Deaths involving COVID-19: occurrences
893,2020,2020,E12000005,West Midlands,week-16,Week 16 ending 17-Apr-20,deaths-involving-covid-19-occurrences,Deaths involving COVID-19: occurrences
718,2020,2020,E12000005,West Midlands,week-17,Week 17 ending 24-Apr-20,deaths-involving-covid-19-occurrences,Deaths involving COVID-19: occurrences
549,2020,2020,E12000005,West Midlands,week-18,Week 18 ending 01-May-20,deaths-involving-covid-19-occurrences,Deaths involving COVID-19: occurrences
393,2020,2020,E12000005,West Midlands,week-19,Week 19 ending 08-May-20,deaths-involving-covid-19-occurrences,Deaths involving COVID-19: occurrences
0,2020,2020,E12000006,East of England,week-1,Week 01 ending 03-Jan-20,deaths-involving-covid-19-occurrences,Deaths involving COVID-19: occurrences
0,2020,2020,E12000006,East of England,week-2,Week 02 ending 10-Jan-20,deaths-involving-covid-19-occurrences,Deaths involving COVID-19: occurrences
0,2020,2020,E12000006,East of England,week-3,Week 03 ending 17-Jan-20,deaths-involving-covid-19-occurrences,Deaths involving COVID-19: occurrences
0,2020,2020,E12000006,East of England,week-4,Week 04 ending 24-Jan-20,deaths-involving-covid-19-occurrences,Deaths involving COVID-19: occurrences
0,2020,2020,E12000006,East of England,week-5,Week 05 ending 31-Jan-20,deaths-involving-covid-19-occurrences,Deaths involving COVID-19: occurrences
0,2020,2020,E12000006,East of England,week-6,Week 06 ending 07-Feb-20,deaths-involving-covid-19-occurrences,Deaths involving COVID-19: occurrences
0,2020,2020,E12000006,East of England,week-7,Week 07 ending 14-Feb-20,deaths-involving-covid-19-occurrences,Deaths involving COVID-19: occurrences
0,2020,2020,E12000006,East of England,week-8,Week 08 ending 21-Feb-20,deaths-involving-covid-19-occurrences,Deaths involving COVID-19: occurrences
0,2020,2020,E12000006,East of England,week-9,Week 09 ending 28-Feb-20,deaths-involving-covid-19-occurrences,Deaths involving COVID-19: occurrences
1,2020,2020,E12000006,East of England,week-10,Week 10 ending 06-Mar-20,deaths-involving-covid-19-occurrences,Deaths involving COVID-19: occurrences
3,2020,2020,E12000006,East of England,week-11,Week 11 ending 13-Mar-20,deaths-involving-covid-19-occurrences,Deaths involving COVID-19: occurrences
13,2020,2020,E12000006,East of England,week-12,Week 12 ending 20-Mar-20,deaths-involving-covid-19-occurrences,Deaths involving COVID-19: occurrences
147,2020,2020,E12000006,East of England,week-13,Week 13 ending 27-Mar-20,deaths-involving-covid-19-occurrences,Deaths involving COVID-19: occurrences
479,2020,2020,E12000006,East of England,week-14,Week 14 ending 03-Apr-20,deaths-involving-covid-19-occurrences,Deaths involving COVID-19: occurrences
742,2020,2020,E12000006,East of England,week-15,Week 15 ending 10-Apr-20,deaths-involving-covid-19-occurrences,Deaths involving COVID-19: occurrences
828,2020,2020,E12000006,East of England,week-16,Week 16 ending 17-Apr-20,deaths-involving-covid-19-occurrences,Deaths involving COVID-19: occurrences
656,2020,2020,E12000006,East of England,week-17,Week 17 ending 24-Apr-20,deaths-involving-covid-19-occurrences,Deaths involving COVID-19: occurrences
530,2020,2020,E12000006,East of England,week-18,Week 18 ending 01-May-20,deaths-involving-covid-19-occurrences,Deaths involving COVID-19: occurrences
322,2020,2020,E12000006,East of England,week-19,Week 19 ending 08-May-20,deaths-involving-covid-19-occurrences,Deaths involving COVID-19: occurrences
0,2020,2020,E12000007,London,week-1,Week 01 ending 03-Jan-20,deaths-involving-covid-19-occurrences,Deaths involving COVID-19: occurrences
0,2020,2020,E12000007,London,week-2,Week 02 ending 10-Jan-20,deaths-involving-covid-19-occurrences,Deaths involving COVID-19: occurrences
0,2020,2020,E12000007,London,week-3,Week 03 ending 17-Jan-20,deaths-involving-covid-19-occurrences,Deaths involving COVID-19: occurrences
0,2020,2020,E12000007,London,week-4,Week 04 ending 24-Jan-20,deaths-involving-covid-19-occurrences,Deaths involving COVID-19: occurrences
0,2020,2020,E12000007,London,week-5,Week 05 ending 31-Jan-20,deaths-involving-covid-19-occurrences,Deaths involving COVID-19: occurrences
0,2020,2020,E12000007,London,week-6,Week 06 ending 07-Feb-20,deaths-involving-covid-19-occurrences,Deaths involving COVID-19: occurrences
0,2020,2020,E12000007,London,week-7,Week 07 ending 14-Feb-20,deaths-involving-covid-19-occurrences,Deaths involving COVID-19: occurrences
0,2020,2020,E12000007,London,week-8,Week 08 ending 21-Feb-20,deaths-involving-covid-19-occurrences,Deaths involving COVID-19: occurrences
0,2020,2020,E12000007,London,week-9,Week 09 ending 28-Feb-20,deaths-involving-covid-19-occurrences,Deaths involving COVID-19: occurrences
2,2020,2020,E12000007,London,week-10,Week 10 ending 06-Mar-20,deaths-involving-covid-19-occurrences,Deaths involving COVID-19: occurrences
17,2020,2020,E12000007,London,week-11,Week 11 ending 13-Mar-20,deaths-involving-covid-19-occurrences,Deaths involving COVID-19: occurrences
163,2020,2020,E12000007,London,week-12,Week 12 ending 20-Mar-20,deaths-involving-covid-19-occurrences,Deaths involving COVID-19: occurrences
711,2020,2020,E12000007,London,week-13,Week 13 ending 27-Mar-20,deaths-involving-covid-19-occurrences,Deaths involving COVID-19: occurrences
1480,2020,2020,E12000007,London,week-14,Week 14 ending 03-Apr-20,deaths-involving-covid-19-occurrences,Deaths involving COVID-19: occurrences
1921,2020,2020,E12000007,London,week-15,Week 15 ending 10-Apr-20,deaths-involving-covid-19-occurrences,Deaths involving COVID-19: occurrences
1467,2020,2020,E12000007,London,week-16,Week 16 ending 17-Apr-20,deaths-involving-covid-19-occurrences,Deaths involving COVID-19: occurrences
959,2020,2020,E12000007,London,week-17,Week 17 ending 24-Apr-20,deaths-involving-covid-19-occurrences,Deaths involving COVID-19: occurrences
504,2020,2020,E12000007,London,week-18,Week 18 ending 01-May-20,deaths-involving-covid-19-occurrences,Deaths involving COVID-19: occurrences
352,2020,2020,E12000007,London,week-19,Week 19 ending 08-May-20,deaths-involving-covid-19-occurrences,Deaths involving COVID-19: occurrences
0,2020,2020,E12000008,South East,week-1,Week 01 ending 03-Jan-20,deaths-involving-covid-19-occurrences,Deaths involving COVID-19: occurrences
0,2020,2020,E12000008,South East,week-2,Week 02 ending 10-Jan-20,deaths-involving-covid-19-occurrences,Deaths involving COVID-19: occurrences
0,2020,2020,E12000008,South East,week-3,Week 03 ending 17-Jan-20,deaths-involving-covid-19-occurrences,Deaths involving COVID-19: occurrences
0,2020,2020,E12000008,South East,week-4,Week 04 ending 24-Jan-20,deaths-involving-covid-19-occurrences,Deaths involving COVID-19: occurrences
0,2020,2020,E12000008,South East,week-5,Week 05 ending 31-Jan-20,deaths-involving-covid-19-occurrences,Deaths involving COVID-19: occurrences
0,2020,2020,E12000008,South East,week-6,Week 06 ending 07-Feb-20,deaths-involving-covid-19-occurrences,Deaths involving COVID-19: occurrences
0,2020,2020,E12000008,South East,week-7,Week 07 ending 14-Feb-20,deaths-involving-covid-19-occurrences,Deaths involving COVID-19: occurrences
0,2020,2020,E12000008,South East,week-8,Week 08 ending 21-Feb-20,deaths-involving-covid-19-occurrences,Deaths involving COVID-19: occurrences
0,2020,2020,E12000008,South East,week-9,Week 09 ending 28-Feb-20,deaths-involving-covid-19-occurrences,Deaths involving COVID-19: occurrences
2,2020,2020,E12000008,South East,week-10,Week 10 ending 06-Mar-20,deaths-involving-covid-19-occurrences,Deaths involving COVID-19: occurrences
3,2020,2020,E12000008,South East,week-11,Week 11 ending 13-Mar-20,deaths-involving-covid-19-occurrences,Deaths involving COVID-19: occurrences
63,2020,2020,E12000008,South East,week-12,Week 12 ending 20-Mar-20,deaths-involving-covid-19-occurrences,Deaths involving COVID-19: occurrences
239,2020,2020,E12000008,South East,week-13,Week 13 ending 27-Mar-20,deaths-involving-covid-19-occurrences,Deaths involving COVID-19: occurrences
575,2020,2020,E12000008,South East,week-14,Week 14 ending 03-Apr-20,deaths-involving-covid-19-occurrences,Deaths involving COVID-19: occurrences
1079,2020,2020,E12000008,South East,week-15,Week 15 ending 10-Apr-20,deaths-involving-covid-19-occurrences,Deaths involving COVID-19: occurrences
1110,2020,2020,E12000008,South East,week-16,Week 16 ending 17-Apr-20,deaths-involving-covid-19-occurrences,Deaths involving COVID-19: occurrences
1061,2020,2020,E12000008,South East,week-17,Week 17 ending 24-Apr-20,deaths-involving-covid-19-occurrences,Deaths involving COVID-19: occurrences
768,2020,2020,E12000008,South East,week-18,Week 18 ending 01-May-20,deaths-involving-covid-19-occurrences,Deaths involving COVID-19: occurrences
456,2020,2020,E12000008,South East,week-19,Week 19 ending 08-May-20,deaths-involving-covid-19-occurrences,Deaths involving COVID-19: occurrences
0,2020,2020,E12000009,South West,week-1,Week 01 ending 03-Jan-20,deaths-involving-covid-19-occurrences,Deaths involving COVID-19: occurrences
0,2020,2020,E12000009,South West,week-2,Week 02 ending 10-Jan-20,deaths-involving-covid-19-occurrences,Deaths involving COVID-19: occurrences
0,2020,2020,E12000009,South West,week-3,Week 03 ending 17-Jan-20,deaths-involving-covid-19-occurrences,Deaths involving COVID-19: occurrences
0,2020,2020,E12000009,South West,week-4,Week 04 ending 24-Jan-20,deaths-involving-covid-19-occurrences,Deaths involving COVID-19: occurrences
0,2020,2020,E12000009,South West,week-5,Week 05 ending 31-Jan-20,deaths-involving-covid-19-occurrences,Deaths involving COVID-19: occurrences
0,2020,2020,E12000009,South West,week-6,Week 06 ending 07-Feb-20,deaths-involving-covid-19-occurrences,Deaths involving COVID-19: occurrences
0,2020,2020,E12000009,South West,week-7,Week 07 ending 14-Feb-20,deaths-involving-covid-19-occurrences,Deaths involving COVID-19: occurrences
0,2020,2020,E12000009,South West,week-8,Week 08 ending 21-Feb-20,deaths-involving-covid-19-occurrences,Deaths involving COVID-19: occurrences
0,2020,2020,E12000009,South West,week-9,Week 09 ending 28-Feb-20,deaths-involving-covid-19-occurrences,Deaths involving COVID-19: occurrences
0,2020,2020,E12000009,South West,week-10,Week 10 ending 06-Mar-20,deaths-involving-covid-19-occurrences,Deaths involving COVID-19: occurrences
1,2020,2020,E12000009,South West,week-11,Week 11 ending 13-Mar-20,deaths-involving-covid-19-occurrences,Deaths involving COVID-19: occurrences
15,2020,2020,E12000009,South West,week-12,Week 12 ending 20-Mar-20,deaths-involving-covid-19-occurrences,Deaths involving COVID-19: occurrences
61,2020,2020,E12000009,South West,week-13,Week 13 ending 27-Mar-20,deaths-involving-covid-19-occurrences,Deaths involving COVID-19: occurrences
224,2020,2020,E12000009,South West,week-14,Week 14 ending 03-Apr-20,deaths-involving-covid-19-occurrences,Deaths involving COVID-19: occurrences
447,2020,2020,E12000009,South West,week-15,Week 15 ending 10-Apr-20,deaths-involving-covid-19-occurrences,Deaths involving COVID-19: occurrences
482,2020,2020,E12000009,South West,week-16,Week 16 ending 17-Apr-20,deaths-involving-covid-19-occurrences,Deaths involving COVID-19: occurrences
453,2020,2020,E12000009,South West,week-17,Week 17 ending 24-Apr-20,deaths-involving-covid-19-occurrences,Deaths involving COVID-19: occurrences
373,2020,2020,E12000009,South West,week-18,Week 18 ending 01-May-20,deaths-involving-covid-19-occurrences,Deaths involving COVID-19: occurrences
250,2020,2020,E12000009,South West,week-19,Week 19 ending 08-May-20,deaths-involving-covid-19-occurrences,Deaths involving COVID-19: occurrences
0,2020,2020,W92000004,Wales,week-1,Week 01 ending 03-Jan-20,deaths-involving-covid-19-occurrences,Deaths involving COVID-19: occurrences
0,2020,2020,W92000004,Wales,week-2,Week 02 ending 10-Jan-20,deaths-involving-covid-19-occurrences,Deaths involving COVID-19: occurrences
0,2020,2020,W92000004,Wales,week-3,Week 03 ending 17-Jan-20,deaths-involving-covid-19-occurrences,Deaths involving COVID-19: occurrences
0,2020,2020,W92000004,Wales,week-4,Week 04 ending 24-Jan-20,deaths-involving-covid-19-occurrences,Deaths involving COVID-19: occurrences
0,2020,2020,W92000004,Wales,week-5,Week 05 ending 31-Jan-20,deaths-involving-covid-19-occurrences,Deaths involving COVID-19: occurrences
0,2020,2020,W92000004,Wales,week-6,Week 06 ending 07-Feb-20,deaths-involving-covid-19-occurrences,Deaths involving COVID-19: occurrences
0,2020,2020,W92000004,Wales,week-7,Week 07 ending 14-Feb-20,deaths-involving-covid-19-occurrences,Deaths involving COVID-19: occurrences
0,2020,2020,W92000004,Wales,week-8,Week 08 ending 21-Feb-20,deaths-involving-covid-19-occurrences,Deaths involving COVID-19: occurrences
0,2020,2020,W92000004,Wales,week-9,Week 09 ending 28-Feb-20,deaths-involving-covid-19-occurrences,Deaths involving COVID-19: occurrences
0,2020,2020,W92000004,Wales,week-10,Week 10 ending 06-Mar-20,deaths-involving-covid-19-occurrences,Deaths involving COVID-19: occurrences
0,2020,2020,W92000004,Wales,week-11,Week 11 ending 13-Mar-20,deaths-involving-covid-19-occurrences,Deaths involving COVID-19: occurrences
15,2020,2020,W92000004,Wales,week-12,Week 12 ending 20-Mar-20,deaths-involving-covid-19-occurrences,Deaths involving COVID-19: occurrences
72,2020,2020,W92000004,Wales,week-13,Week 13 ending 27-Mar-20,deaths-involving-covid-19-occurrences,Deaths involving COVID-19: occurrences
189,2020,2020,W92000004,Wales,week-14,Week 14 ending 03-Apr-20,deaths-involving-covid-19-occurrences,Deaths involving COVID-19: occurrences
383,2020,2020,W92000004,Wales,week-15,Week 15 ending 10-Apr-20,deaths-involving-covid-19-occurrences,Deaths involving COVID-19: occurrences
405,2020,2020,W92000004,Wales,week-16,Week 16 ending 17-Apr-20,deaths-involving-covid-19-occurrences,Deaths involving COVID-19: occurrences
341,2020,2020,W92000004,Wales,week-17,Week 17 ending 24-Apr-20,deaths-involving-covid-19-occurrences,Deaths involving COVID-19: occurrences
251,2020,2020,W92000004,Wales,week-18,Week 18 ending 01-May-20,deaths-involving-covid-19-occurrences,Deaths involving COVID-19: occurrences
196,2020,2020,W92000004,Wales,week-19,Week 19 ending 08-May-20,deaths-involving-covid-19-occurrences,Deaths involving COVID-19: occurrences
